CODE,CODETYPE
1,D
2,D
3,D
5,D
6,D
7,D
8,D
9,D
10,D
11,D
12,D
13,D
14,D
15,D
16,D
17,D
18,D
19,D
20,D
21,D
22,D
23,D
24,D
26,D
27,D
28,D
29,D
30,D
31,D
34,D
42,D
44,D
50,D
52,D
55,D
56,D
57,D
58,D
59,D
60,D
64,D
65,D
67,D
68,D
69,D
70,D
71,D
72,D
73,D
74,D
75,D
77,D
78,D
79,D
80,D
81,D
82,D
83,D
85,D
88,D
89,D
90,D
91,D
93,D
95,D
96,D
97,D
99,D
100,D
101,D
103,D
104,D
106,D
107,D
108,D
110,D
111,D
112,D
113,D
114,D
115,D
124,D
129,D
133,D
135,D
138,D
139,D
146,D
150,D
151,D
152,D
153,D
163,D
165,D
166,D
167,D
168,D
169,D
170,D
174,D
175,D
176,D
177,D
181,D
182,D
183,D
185,D
186,D
190,D
191,D
192,D
194,D
195,D
196,D
197,D
200,D
201,D
203,D
204,D
205,D
206,D
207,D
208,D
211,D
216,D
219,D
222,D
233,D
234,D
243,D
253,D
256,D
257,D
258,D
259,D
260,D
263,D
267,D
268,D
269,D
270,D
272,D
274,D
277,D
278,D
279,D
280,D
281,D
282,D
283,D
284,D
297,D
298,D
302,D
316,D
317,D
319,D
320,D
321,D
323,D
324,D
325,D
328,D
330,D
331,D
332,D
334,D
335,D
336,D
337,D
338,D
342,D
343,D
346,D
351,D
352,D
354,D
355,D
356,D
361,D
363,D
364,D
365,D
368,D
371,D
372,D
373,D
379,D
391,D
401,D
403,D
407,D
409,D
411,D
412,D
414,D
415,D
416,D
417,D
418,D
419,D
420,D
421,D
422,D
423,D
424,D
425,D
426,D
427,D
428,D
429,D
430,D
431,D
432,D
433,D
434,D
435,D
436,D
437,D
438,D
439,D
442,D
443,D
448,D
453,D
454,D
457,D
463,D
464,D
465,D
466,D
467,D
468,D
469,D
470,D
471,D
472,D
473,D
474,D
475,D
476,D
477,D
478,D
479,D
480,D
481,D
482,D
483,D
484,D
489,D
493,D
496,D
506,D
508,D
511,D
512,D
513,D
514,D
515,D
516,D
517,D
518,D
521,D
522,D
523,D
526,D
528,D
532,D
534,D
535,D
536,D
538,D
545,D
547,D
551,D
565,D
572,D
573,D
575,D
576,D
583,D
585,D
600,D
601,D
602,D
603,D
604,D
605,D
606,D
607,D
608,D
609,D
610,D
611,D
612,D
613,D
614,D
615,D
616,D
617,D
618,D
619,D
620,D
621,D
622,D
623,D
624,D
625,D
626,D
627,D
628,D
629,D
630,D
631,D
632,D
633,D
634,D
635,D
636,D
637,D
638,D
639,D
640,D
641,D
642,D
643,D
644,D
645,D
646,D
648,D
649,D
650,D
651,D
652,D
653,D
655,D
656,D
657,D
658,D
659,D
660,D
661,D
662,D
663,D
664,D
665,D
666,D
667,D
668,D
669,D
670,D
671,D
672,D
673,D
674,D
675,D
677,D
678,D
679,D
681,D
684,D
685,D
688,D
689,D
690,D
691,D
692,D
693,D
694,D
695,D
696,D
697,D
701,D
702,D
703,D
704,D
705,D
706,D
707,D
708,D
709,D
710,D
711,D
712,D
713,D
714,D
715,D
716,D
717,D
720,D
721,D
722,D
723,D
724,D
725,D
726,D
727,D
728,D
729,D
730,D
731,D
732,D
733,D
734,D
735,D
736,D
738,D
745,D
746,D
747,D
748,D
749,D
750,D
751,D
752,D
753,D
754,D
755,D
761,D
762,D
763,D
764,D
766,D
767,D
768,D
769,D
770,D
774,D
775,D
776,D
777,D
779,D
780,D
781,D
782,D
783,D
784,D
785,D
786,D
787,D
788,D
789,D
790,D
791,D
792,D
793,D
794,D
795,D
796,D
797,D
798,D
799,D
800,D
801,D
802,D
803,D
804,D
805,D
806,D
807,D
808,D
809,D
810,D
811,D
812,D
813,D
814,D
815,D
816,D
817,D
818,D
819,D
820,D
821,D
823,D
824,D
825,D
826,D
827,D
828,D
829,D
830,D
831,D
832,D
833,D
834,D
835,D
836,D
837,D
839,D
840,D
841,D
842,D
843,D
845,D
847,D
848,D
852,D
853,D
855,D
856,D
857,D
859,D
865,D
867,D
868,D
869,D
870,D
871,D
872,D
873,D
874,D
875,D
876,D
877,D
879,D
880,D
882,D
883,D
884,D
885,D
886,D
887,D
888,D
889,D
891,D
900,D
901,D
902,D
903,D
904,D
905,D
906,D
907,D
908,D
909,D
910,D
911,D
912,D
913,D
914,D
915,D
916,D
917,D
918,D
919,D
920,D
921,D
922,D
923,D
924,D
925,D
926,D
927,D
928,D
929,D
930,D
931,D
932,D
933,D
934,D
935,D
936,D
937,D
938,D
939,D
940,D
941,D
942,D
944,D
945,D
946,D
947,D
948,D
949,D
950,D
951,D
952,D
953,D
954,D
955,D
956,D
957,D
958,D
959,D
960,D
961,D
962,D
963,D
964,D
965,D
966,D
967,D
968,D
969,D
970,D
971,D
972,D
973,D
974,D
975,D
977,D
978,D
979,D
980,D
981,D
983,D
985,D
988,D
989,D
990,D
992,D
993,D
994,D
997,D
998,D
1001,D
1002,D
1003,D
1004,D
1005,D
1006,D
1007,D
1008,D
1009,D
1011,D
1013,D
1014,D
1015,D
1017,D
1018,D
1019,D
1021,D
1022,D
1023,D
1024,D
1025,D
1026,D
1027,D
1028,D
1029,D
1030,D
1031,D
1032,D
1033,D
1034,D
1035,D
1041,D
1044,D
1046,D
1049,D
1050,D
1052,D
1053,D
1054,D
1055,D
1056,D
1057,D
1058,D
1060,D
1061,D
1064,D
1065,D
1066,D
1067,D
1068,D
1069,D
1070,D
1071,D
1072,D
1073,D
1074,D
1075,D
1076,D
1077,D
1078,D
1079,D
1080,D
1081,D
1082,D
1083,D
1084,D
1086,D
1087,D
1090,D
1091,D
1092,D
1094,D
1095,D
1096,D
1097,D
1098,D
1099,D
1100,D
1101,D
1102,D
1103,D
1104,D
1105,D
1106,D
1107,D
1108,D
1109,D
1110,D
1111,D
1112,D
1113,D
1114,D
1115,D
1116,D
1118,D
1119,D
1120,D
1121,D
1122,D
1123,D
1124,D
1125,D
1126,D
1127,D
1128,D
1129,D
1130,D
1133,D
1135,D
1138,D
1139,D
1140,D
1141,D
1142,D
1143,D
1144,D
1145,D
1146,D
1147,D
1148,D
1150,D
1151,D
1153,D
1154,D
1155,D
1156,D
1157,D
1158,D
1159,D
1160,D
1161,D
1162,D
1163,D
1164,D
1165,D
1166,D
1167,D
1168,D
1169,D
1170,D
1171,D
1172,D
1173,D
1174,D
1175,D
1176,D
1177,D
1179,D
1180,D
1181,D
1182,D
1183,D
1184,D
1185,D
1186,D
1191,D
1192,D
1193,D
1196,D
1197,D
1198,D
1199,D
1200,D
1201,D
1202,D
1203,D
1204,D
1205,D
1206,D
1207,D
1208,D
1209,D
1210,D
1211,D
1212,D
1213,D
1214,D
1226,D
1230,D
1231,D
1232,D
1237,D
1238,D
1239,D
1242,D
1244,D
1245,D
1248,D
1249,D
1250,D
1257,D
1261,D
1262,D
1263,D
1264,D
1266,D
1267,D
1268,D
1269,D
1270,D
1271,D
1272,D
1273,D
1274,D
1275,D
1276,D
1277,D
1278,D
1279,D
1280,D
1281,D
1282,D
1283,D
1284,D
1285,D
1286,D
1287,D
1288,D
1289,D
1290,D
1291,D
1292,D
1293,D
1294,D
1295,D
1296,D
1297,D
1298,D
1299,D
1300,D
1301,D
1302,D
1303,D
1304,D
1305,D
1306,D
1307,D
1308,D
1309,D
1310,D
1311,D
1312,D
1313,D
1314,D
1315,D
1316,D
1317,D
1318,D
1319,D
1320,D
1321,D
1322,D
1323,D
1324,D
1325,D
1326,D
1327,D
1328,D
1329,D
1330,D
1331,D
1332,D
1333,D
1334,D
1335,D
1336,D
1337,D
1338,D
1339,D
1340,D
1341,D
1344,D
1345,D
1347,D
1348,D
1353,D
1357,D
1363,D
1364,D
1365,D
1369,D
1372,D
1377,D
1378,D
1379,D
1380,D
1381,D
1382,D
1383,D
1384,D
1385,D
1386,D
1387,D
1388,D
1389,D
1390,D
1391,D
1392,D
1393,D
1394,D
1395,D
1396,D
1397,D
1398,D
1399,D
1400,D
1401,D
1402,D
1403,D
1404,D
1405,D
1406,D
1407,D
1408,D
1409,D
1410,D
1411,D
1412,D
1413,D
1414,D
1415,D
1416,D
1417,D
1418,D
1419,D
1420,D
1421,D
1422,A
1423,A
1424,A
1425,A
1426,A
1427,A
1428,A
1429,A
1430,A
1431,A
1432,A
1433,A
1434,A
1435,A
1436,A
1437,A
1438,A
1439,A
1440,A
1441,A
1442,A
1444,A
1445,A
1446,A
1447,A
1448,A
1449,A
1450,A
1451,A
1452,A
1453,A
1454,A
1455,A
1456,A
1457,A
1458,A
1459,A
1460,A
1461,A
1462,A
1463,A
1464,A
1465,A
1466,A
1467,A
1468,A
1469,A
1470,A
1471,A
1472,A
1473,A
1474,A
1475,A
1476,A
1477,A
1478,A
1479,A
1480,A
1481,A
1482,A
1483,A
1484,A
1485,A
1486,A
1487,A
1488,A
1489,A
1490,A
1491,A
1492,A
1493,A
1494,A
1495,A
1496,A
1497,A
1498,A
1499,A
1500,A
1501,A
1502,A
1503,A
1504,A
1505,A
1506,A
1507,A
1508,A
1510,B
1511,B
1512,B
1513,B
1514,B
1516,B
1517,B
1518,B
1519,B
1520,B
1521,B
1522,B
1523,B
1524,B
1525,B
1526,B
1527,B
1528,B
1529,B
1531,B
1534,B
1535,B
1536,B
1537,B
1538,B
1540,B
1541,B
1542,B
1543,B
1544,B
1545,B
1546,B
1547,B
1548,B
1549,B
1550,B
1551,B
1552,B
1553,B
1554,B
1555,B
1556,B
1557,D
1558,D
1559,D
1560,D
1561,D
1562,D
1563,D
1564,D
1565,D
1566,D
1567,D
1568,D
1569,D
1570,D
1571,D
1572,D
1573,D
1574,D
1575,D
1576,D
1577,D
1578,D
1579,D
1580,D
1581,D
1582,D
1583,D
1584,D
1585,D
1586,D
1589,D
1591,D
1592,D
1596,D
1597,D
1607,D
1611,D
1612,D
1613,D
1614,D
1619,D
1620,D
1622,D
1623,A
1624,A
1625,A
1626,A
1627,A
1628,A
1629,A
1630,A
1631,A
1632,A
1633,A
1634,A
1635,A
1636,A
1637,A
1638,A
1639,A
1640,A
1641,A
1642,A
1643,A
1644,A
1645,A
1646,A
1647,A
1648,A
1649,D
1651,D
1652,D
1653,D
1654,D
1655,D
1656,D
1657,D
1658,D
1659,D
1660,D
1661,D
1662,D
1663,D
1664,D
1665,D
1666,D
1667,D
1668,D
1669,D
1672,D
1673,D
1676,D
1679,D
1680,D
1687,D
1688,D
1690,D
1692,D
1693,A
1694,A
1695,A
1696,A
1697,A
1698,A
1699,A
1700,A
1701,A
1702,A
1703,A
1704,A
1705,A
1706,A
1707,A
1708,A
1709,A
1710,A
1711,A
1712,A
1713,A
1714,A
1715,A
1716,A
1717,A
1718,A
1719,A
1720,A
1721,A
1722,A
1723,A
1724,A
1725,A
1726,A
1727,A
1728,A
1729,A
1730,A
1731,A
1732,A
1733,A
1734,A
1735,A
1736,A
1737,A
1738,A
1739,A
1740,A
1741,A
1742,A
1743,A
1744,A
1745,A
1746,A
1747,A
1749,D
1750,D
1751,D
1752,D
1753,D
1754,D
1755,D
1756,D
1757,D
1758,D
1759,D
1760,D
1761,D
1762,D
1763,D
1764,D
1765,D
1766,D
1767,D
1768,D
1769,D
1770,D
1771,D
1772,D
1773,D
1774,D
1775,D
1776,D
1777,D
1778,D
1779,D
1780,D
1781,D
1782,D
1784,D
1794,D
1796,D
1797,D
1800,D
1803,D
1804,D
1805,D
1811,D
1812,D
1813,A
1814,A
1815,A
1816,A
1817,A
1818,A
1819,A
1820,A
1821,A
1822,A
1823,A
1824,A
1825,A
1826,A
1827,A
1828,A
1829,A
1830,A
1831,A
1832,A
1834,A
1835,A
1837,A
1838,A
1839,A
1840,A
1841,A
1842,A
1843,A
1844,A
1845,A
1846,A
1847,A
1848,A
1849,A
1850,A
1851,A
1852,A
1853,A
1854,A
1855,A
1856,A
1857,A
1858,A
1859,A
1860,A
1861,A
1862,A
1863,A
1864,A
1865,A
1866,A
1867,A
1868,A
1869,A
1870,A
1871,A
1872,A
1873,A
1874,A
1875,A
1876,A
1877,A
1878,A
1879,A
1880,A
1881,A
1882,A
1883,A
1884,A
1885,A
1886,A
1887,A
1888,A
1889,A
1890,A
1891,A
1892,A
1893,A
1894,A
1895,A
1896,A
1897,A
1898,A
1899,A
1900,A
1901,A
1902,A
1903,A
1904,A
1905,A
1906,B
1907,B
1908,B
1909,B
1910,B
1911,B
1912,B
1913,B
1914,B
1915,B
1916,B
1917,B
1918,B
1919,B
1920,B
1921,B
1922,B
1923,B
1926,B
1927,B
1928,B
1930,B
1931,B
1932,B
1933,B
1934,B
1935,B
1936,B
1937,B
1938,B
1939,B
1940,B
1941,B
1942,B
1943,B
1944,B
1945,B
1946,B
1947,B
1948,B
1949,B
1950,B
1951,D
1952,D
1953,D
1954,D
1955,D
1956,D
1957,D
1958,D
1959,D
1960,D
1961,D
1963,D
1964,D
1965,D
1966,D
1967,D
1968,D
1969,D
1970,D
1971,D
1972,D
1973,D
1974,D
1975,D
1976,D
1980,D
1984,D
1988,D
1990,D
1992,D
1993,D
1994,D
1997,D
1998,D
1999,D
2000,D
2001,D
2002,D
2005,D
2006,D
2008,D
2011,D
2017,D
2019,D
2021,D
2022,D
2023,D
2025,D
2026,D
2027,D
2028,A
2029,A
2030,A
2031,A
2032,A
2033,A
2034,A
2035,A
2036,A
2037,A
2038,A
2039,A
2040,A
2041,A
2042,A
2043,A
2045,A
2046,A
2047,A
2048,A
2049,A
2050,A
2051,A
2052,A
2053,A
2054,A
2055,A
2056,A
2057,A
2058,A
2059,A
2060,A
2061,A
2062,A
2063,A
2064,A
2065,A
2066,A
2067,A
2068,A
2069,A
2070,A
2071,A
2072,A
2073,A
2074,A
2075,A
2076,A
2077,A
2078,A
2079,A
2080,A
2081,A
2082,A
2083,A
2084,A
2085,A
2086,A
2087,A
2088,A
2089,A
2090,A
2091,A
2092,A
2093,A
2094,A
2095,A
2096,A
2097,A
2098,A
2099,D
2100,D
2101,D
2102,D
2103,D
2104,D
2105,D
2106,D
2107,D
2108,D
2109,D
2110,D
2111,D
2112,D
2113,D
2114,D
2115,D
2116,D
2117,D
2118,D
2119,D
2120,D
2121,D
2122,D
2123,D
2124,D
2126,D
2128,D
2129,D
2133,D
2136,D
2138,D
2139,A
2140,A
2141,A
2142,A
2143,D
2144,D
2145,D
2146,D
2147,D
2148,D
2149,D
2150,D
2151,D
2152,D
2153,D
2154,D
2155,D
2157,D
2158,D
2159,D
2160,D
2161,D
2162,D
2163,D
2164,D
2165,D
2166,D
2167,D
2168,D
2169,D
2170,D
2171,D
2172,D
2173,D
2174,D
2175,D
2176,D
2181,D
2182,D
2186,D
2192,D
2194,D
2197,D
2200,D
2201,D
2202,D
2203,D
2206,D
2207,D
2208,D
2211,D
2213,D
2217,D
2226,D
2227,A
2228,A
2229,A
2230,A
2231,A
2232,A
2233,A
2234,A
2235,A
2236,A
2237,A
2238,A
2239,A
2240,A
2241,A
2242,A
2243,A
2245,A
2246,A
2247,A
2248,A
2249,A
2250,A
2251,A
2252,A
2253,A
2254,D
2255,D
2256,D
2257,D
2258,D
2259,D
2260,D
2261,D
2262,D
2263,D
2264,D
2265,D
2267,D
2268,D
2269,D
2270,D
2271,D
2272,D
2273,D
2274,D
2275,D
2276,D
2277,D
2278,D
2279,D
2280,D
2281,A
2282,A
2283,A
2284,A
2285,A
2286,A
2287,A
2288,A
2289,A
2290,A
2291,A
2292,A
2293,A
2294,A
2295,A
2296,A
2297,A
2298,A
2299,A
2300,A
2301,A
2302,A
2303,A
2304,A
2305,A
2306,A
2307,A
2308,A
2309,A
2310,A
2311,A
2312,A
2313,A
2314,A
2315,A
2316,A
2317,A
2318,A
2319,A
2320,A
2321,A
2322,A
2323,A
2324,A
2325,A
2326,A
2327,A
2328,A
2329,A
2330,A
2331,A
2332,A
2333,A
2334,A
2335,A
2336,A
2337,A
2338,A
2339,A
2340,A
2341,A
2342,A
2343,A
2344,A
2345,A
2346,A
2347,A
2348,A
2349,A
2350,A
2351,A
2352,A
2353,A
2354,A
2355,A
2356,A
2357,A
2358,A
2359,A
2360,A
2361,A
2362,A
2363,A
2364,A
2365,A
2366,A
2367,A
2368,A
2369,A
2370,A
2371,B
2372,B
2373,B
2374,B
2375,B
2376,B
2377,B
2378,B
2379,B
2380,B
2381,B
2382,B
2383,B
2384,B
2385,B
2386,B
2387,B
2388,B
2389,B
2390,B
2391,B
2392,B
2393,B
2394,B
2395,B
2396,B
2397,B
2398,B
2399,B
2400,B
2401,B
2402,B
2403,B
2404,B
2405,B
2406,B
2407,B
2408,B
2409,B
2410,B
2411,B
2412,B
2413,M
2414,M
2415,M
2416,M
2417,M
2418,M
2420,M
2422,M
2423,D
2424,D
2425,D
2426,D
2427,D
2428,D
2429,D
2430,D
2431,D
2432,D
2433,D
2434,D
2435,D
2436,D
2437,D
2438,D
2439,D
2440,D
2441,D
2442,D
2443,D
2444,D
2445,D
2447,D
2448,D
2449,D
2450,D
2451,D
2453,D
2454,D
2455,D
2456,D
2457,D
2458,D
2460,D
2461,D
2462,D
2463,D
2469,D
2470,D
2471,D
2472,D
2480,D
2483,D
2485,D
2486,D
2487,D
2488,D
2489,D
2490,D
2491,D
2492,D
2496,D
2497,D
2498,D
2499,D
2500,D
2501,A
2502,A
2503,A
2504,A
2505,A
2506,A
2507,A
2508,A
2509,A
2510,A
2511,A
2512,A
2513,A
2514,A
2515,A
2516,A
2517,A
2518,A
2519,A
2520,A
2521,A
2522,A
2523,A
2524,A
2525,A
2526,A
2527,A
2528,A
2529,A
2530,A
2531,A
2532,A
2533,A
2534,A
2535,A
2536,A
2537,A
2538,A
2539,A
2540,A
2541,A
2542,A
2543,A
2544,A
2545,A
2546,A
2548,A
2549,A
2550,A
2551,A
2552,A
2553,A
2554,A
2555,A
2556,A
2557,D
2558,D
2559,D
2560,D
2561,D
2562,D
2564,D
2565,D
2566,D
2567,D
2568,D
2569,D
2570,D
2571,D
2572,D
2573,D
2574,D
2575,D
2576,D
2577,D
2578,D
2579,D
2580,D
2581,D
2582,D
2583,D
2584,D
2585,D
2586,D
2587,D
2588,D
2589,D
2590,D
2592,D
2593,D
2594,D
2595,D
2598,D
2599,D
2601,D
2609,D
2611,D
2612,D
2614,D
2618,D
2619,D
2621,D
2622,D
2623,D
2625,D
2628,D
2630,A
2631,A
2632,A
2633,A
2634,A
2635,A
2636,A
2637,A
2638,A
2639,A
2640,A
2641,A
2642,A
2643,A
2644,A
2645,A
2646,A
2647,A
2648,A
2649,A
2650,A
2651,A
2652,A
2653,A
2654,A
2655,A
2656,A
2657,A
2658,A
2659,A
2660,A
2661,A
2662,A
2663,A
2664,A
2665,A
2666,A
2667,A
2668,A
2669,A
2670,A
2671,A
2672,A
2673,A
2674,A
2675,A
2676,A
2677,A
2678,A
2679,A
2680,A
2681,A
2682,A
2683,A
2684,A
2685,A
2686,A
2687,A
2688,A
2689,A
2690,A
2691,A
2692,A
2693,A
2696,A
2697,A
2698,A
2699,A
2700,A
2701,A
2702,A
2703,A
2704,A
2705,A
2706,A
2707,A
2708,A
2709,A
2710,A
2711,D
2712,D
2713,D
2714,D
2716,D
2717,D
2718,D
2719,D
2720,D
2721,D
2722,D
2723,D
2724,D
2725,D
2727,D
2728,D
2729,D
2731,D
2732,D
2733,D
2734,D
2735,D
2737,D
2738,D
2745,D
2748,D
2751,D
2752,D
2753,D
2754,D
2755,D
2759,D
2762,D
2763,D
2764,D
2765,D
2766,D
2767,D
2768,D
2769,D
2770,D
2771,D
2772,D
2773,D
2774,D
2775,D
2776,D
2777,D
2778,D
2779,D
2782,D
2783,D
2784,D
2785,D
2786,D
2787,D
2788,D
2789,D
2790,D
2791,D
2792,D
2793,D
2794,D
2795,D
2796,D
2798,D
2799,D
2800,D
2801,D
2802,D
2803,D
2804,D
2805,D
2806,D
2807,D
2808,D
2809,D
2810,D
2811,A
2812,A
2813,A
2814,A
2815,A
2816,A
2817,A
2818,A
2819,A
2820,A
2821,A
2822,A
2823,A
2824,A
2825,A
2826,A
2827,A
2828,A
2829,A
2830,A
2831,A
2832,A
2833,A
2834,A
2835,A
2836,A
2837,A
2838,A
2839,A
2840,A
2841,A
2842,A
2843,A
2844,A
2845,A
2846,A
2847,A
2848,A
2849,A
2850,A
2851,A
2852,A
2853,A
2854,A
2855,A
2856,A
2857,A
2858,A
2859,A
2860,A
2861,A
2862,A
2863,A
2864,A
2865,A
2866,A
2867,A
2869,A
2870,A
2872,A
2873,A
2874,A
2875,A
2876,A
2877,A
2878,A
2879,A
2880,A
2881,A
2882,A
2883,A
2884,A
2885,A
2886,A
2887,A
2888,A
2889,A
2890,A
2891,A
2892,A
2893,A
2894,A
2895,A
2896,A
2897,A
2898,A
2899,A
2900,A
2901,A
2902,A
2903,A
2904,A
2905,A
2906,A
2907,A
2908,A
2909,A
2910,A
2911,A
2912,A
2913,A
2914,A
2915,A
2916,A
2917,A
2918,A
2919,A
2920,A
2921,A
2922,A
2923,A
2924,A
2925,A
2926,A
2927,A
2928,A
2929,A
2930,A
2931,A
2932,A
2933,A
2934,A
2935,A
2936,A
2937,A
2938,A
2939,A
2940,A
2941,A
2942,A
2943,A
2944,A
2945,A
2946,D
2947,D
2948,D
2949,D
2950,D
2951,D
2952,D
2953,D
2954,D
2955,D
2956,D
2957,D
2958,D
2959,D
2960,D
2961,D
2962,D
2963,D
2964,D
2965,D
2966,D
2967,D
2968,D
2969,D
2970,D
2971,D
2972,D
2973,D
2974,D
2975,D
2977,D
2978,D
2979,D
2980,D
2981,D
2982,D
2983,D
2984,D
2985,D
2986,D
2987,D
2988,D
2989,D
2990,D
2991,D
2992,D
2993,D
2994,D
2995,D
2996,D
2997,D
2998,D
2999,D
3000,D
3001,D
3002,D
3003,D
3004,D
3005,D
3006,D
3007,D
3008,D
3009,D
3010,D
3011,D
3012,D
3013,D
3014,D
3015,D
3017,B
3018,B
3020,B
3021,B
3022,B
3023,B
3024,B
3025,B
3026,B
3027,B
3028,B
3029,B
3030,B
3031,B
3032,B
3033,B
3035,B
3036,B
3037,B
3038,B
3039,B
3040,B
3041,B
3042,B
3043,B
3044,B
3045,B
3046,B
3047,B
3048,B
3049,B
3050,B
3051,B
3052,B
3053,B
3054,B
3055,B
3056,B
3057,B
3058,B
3059,B
3060,B
3062,B
3063,B
3065,B
3066,B
3067,B
3068,B
3069,B
3070,B
3071,B
3072,B
3073,B
3074,B
3075,B
3076,B
3077,B
3078,B
3079,B
3080,B
3081,B
3082,B
3083,B
3084,D
3085,D
3087,D
3088,D
3091,D
3092,D
3093,D
3094,D
3095,D
3096,D
3097,D
3100,D
3102,D
3103,D
3104,D
3106,D
3108,D
3109,D
3110,D
3111,D
3115,A
3116,A
3117,A
3118,A
3119,A
3120,A
3121,A
3122,A
3123,A
3124,A
3125,A
3126,A
3127,A
3128,A
3129,A
3130,A
3131,A
3132,A
3133,A
3134,A
3135,A
3136,A
3137,A
3138,A
3139,A
3140,A
3141,A
3142,A
3143,A
3144,A
3145,A
3146,A
3147,A
3148,A
3149,A
3150,A
3151,A
3152,A
3153,A
3154,A
3155,A
3156,A
3157,A
3158,A
3159,A
3160,A
3161,A
3162,A
3163,A
3164,A
3165,A
3167,A
3168,A
3169,A
3170,A
3171,A
3172,A
3173,A
3174,A
3175,A
3176,A
3177,A
3178,A
3179,A
3180,A
3181,A
3182,A
3183,A
3184,A
3185,A
3186,A
3187,A
3188,A
3189,A
3190,A
3191,A
3192,A
3193,A
3194,A
3195,A
3196,A
3197,A
3198,A
3199,A
3200,A
3201,A
3202,A
3203,A
3204,D
3205,D
3206,D
3207,D
3208,D
3209,D
3210,D
3211,D
3212,D
3213,D
3214,D
3215,D
3216,D
3217,D
3218,D
3219,D
3220,D
3221,D
3222,D
3223,D
3224,D
3225,D
3226,D
3227,D
3228,D
3229,D
3230,D
3231,D
3232,D
3233,D
3234,D
3235,D
3236,D
3237,D
3238,D
3239,D
3240,D
3241,D
3242,D
3243,D
3244,D
3245,D
3246,D
3247,D
3248,D
3251,D
3252,D
3253,D
3255,D
3256,D
3257,D
3258,D
3259,D
3260,D
3262,D
3264,D
3265,D
3266,D
3269,D
3270,D
3271,D
3272,D
3274,D
3275,D
3276,D
3280,A
3281,A
3282,A
3283,A
3284,A
3285,A
3286,A
3287,A
3288,A
3289,A
3290,A
3291,A
3292,*
3296,D
3297,D
3298,D
3299,D
3300,D
3301,D
3302,D
3303,D
3304,D
3305,D
3306,D
3307,D
3308,D
3309,D
3310,D
3311,D
3312,D
3315,D
3316,D
3317,D
3318,D
3319,D
3321,D
3323,D
3324,D
3326,D
3327,D
3328,D
3329,D
3330,D
3331,D
3333,D
3335,D
3336,D
3337,D
3338,D
3339,D
3340,D
3341,D
3342,D
3343,D
3344,D
3345,D
3346,D
3347,D
3348,D
3349,D
3350,D
3351,D
3352,D
3353,D
3354,D
3355,D
3356,D
3357,D
3358,D
3359,D
3360,D
3361,D
3362,A
3363,A
3364,A
3365,A
3366,A
3367,A
3368,A
3369,A
3370,A
3371,A
3372,A
3373,A
3374,A
3375,A
3376,A
3377,A
3378,A
3379,A
3380,A
3381,A
3382,A
3383,A
3384,A
3385,A
3386,A
3387,A
3388,A
3389,A
3390,A
3391,A
3392,A
3393,A
3394,A
3395,A
3396,A
3398,A
3399,A
3400,A
3401,D
3402,D
3403,D
3405,A
3406,A
3407,A
3408,A
3409,A
3410,A
3411,A
3412,A
3413,A
3414,A
3415,A
3416,A
3417,B
3418,B
3419,B
3420,B
3421,B
3422,B
3423,B
3424,B
3425,B
3426,B
3427,B
3429,B
3430,B
3431,B
3432,B
3433,B
3434,B
3435,B
3436,B
3437,B
3438,B
3439,B
3440,B
3441,B
3442,B
3443,B
3444,B
3445,B
3446,B
3447,B
3448,B
3449,B
3450,B
3451,B
3452,B
3453,B
3454,B
3455,B
3456,B
3457,B
3458,B
3459,B
3460,B
3461,B
3462,B
3463,B
3464,B
3465,B
3466,B
3467,B
3468,B
3469,B
3470,B
3471,B
3472,B
3473,B
3474,C
3475,C
3476,C
3477,C
3478,C
3479,C
3480,A
3481,A
3482,A
3484,A
3485,A
3486,A
3487,A
3488,A
3489,A
3490,A
3491,A
3492,A
3493,A
3494,A
3495,A
3496,A
3497,A
3498,A
3499,A
3500,A
3501,A
3502,A
3503,A
3504,A
3505,A
3506,A
3507,A
3508,A
3509,A
3510,A
3511,A
3512,A
3513,A
3514,A
3515,A
3516,A
3517,A
3518,A
3519,A
3520,A
3521,A
3522,A
3523,A
3524,A
3525,A
3526,A
3527,A
3528,A
3529,A
3530,A
3531,A
3532,A
3533,A
3534,A
3535,A
3536,A
3537,A
3538,A
3539,A
3540,A
3541,A
3542,A
3543,A
3544,A
3545,A
3546,A
3547,A
3548,A
3549,A
3550,A
3551,A
3552,A
3553,A
3554,A
3555,A
3556,A
3557,A
3558,A
3559,A
3560,A
3561,A
3562,A
3563,A
3564,A
3565,A
3566,A
3567,A
3568,D
3569,D
3570,D
3571,D
3572,D
3573,D
3574,D
3575,D
3576,D
3577,D
3578,D
3579,D
3580,D
3581,D
3582,D
3583,D
3584,D
3585,D
3586,D
3587,D
3588,D
3589,D
3590,D
3591,D
3592,D
3593,D
3594,D
3595,D
3596,D
3598,D
3599,D
3600,D
3601,D
3602,D
3603,D
3604,D
3605,D
3606,D
3607,D
3608,D
3609,D
3610,D
3611,D
3612,D
3613,D
3614,D
3615,D
3616,D
3617,D
3618,D
3619,D
3620,D
3621,D
3622,D
3623,D
3624,D
3625,D
3626,D
3627,D
3628,D
3629,D
3630,D
3631,D
3632,D
3633,D
3634,D
3635,D
3636,D
3637,D
3638,D
3639,D
3642,D
3644,D
3645,D
3646,D
3647,D
3648,D
3649,D
3650,D
3651,D
3652,D
3653,D
3654,D
3655,D
3656,D
3657,D
3658,D
3659,D
3660,D
3661,D
3662,D
3663,D
3664,D
3665,D
3666,D
3667,D
3668,D
3669,A
3670,A
3671,A
3672,A
3673,A
3674,A
3675,A
3676,A
3677,A
3678,A
3679,A
3681,A
3682,A
3683,A
3684,A
3685,A
3686,A
3687,A
3688,A
3689,A
3690,A
3691,A
3692,A
3693,A
3694,A
3695,A
3696,A
3697,A
3698,A
3699,A
3700,A
3701,A
3702,A
3703,A
3704,A
3705,A
3706,A
3707,A
3713,C
3714,C
3715,C
3716,C
3717,C
3720,D
3721,D
3722,D
3723,D
3724,D
3725,D
3726,D
3727,D
3728,D
3729,D
3730,D
3731,D
3732,D
3733,D
3734,D
3735,D
3736,D
3738,D
3740,D
3741,D
3742,D
3743,D
3744,D
3745,D
3746,D
3747,D
3750,D
3751,D
3754,D
3755,D
3756,D
3757,D
3758,A
3759,A
3760,A
3761,A
3762,A
3763,A
3764,A
3765,A
3766,A
3767,A
3768,A
3769,A
3770,A
3771,A
3772,A
3773,A
3774,A
3775,A
3776,A
3777,A
3778,A
3779,A
3780,A
3781,A
3782,A
3783,A
3784,A
3785,A
3786,A
3788,A
3789,A
3790,A
3791,A
3792,A
3793,A
3794,A
3795,A
3796,A
3797,A
3798,A
3799,A
3800,A
3801,A
3802,A
3803,A
3804,A
3805,A
3806,A
3807,A
3808,A
3809,A
3810,A
3811,A
3812,A
3813,A
3814,A
3815,A
3816,A
3817,A
3818,A
3819,A
3820,A
3821,A
3822,A
3823,A
3824,A
3825,A
3826,A
3827,A
3828,A
3829,A
3830,A
3831,A
3832,A
3833,A
3834,C
3835,C
3836,C
3837,C
3838,C
3839,C
3840,C
3841,C
3843,C
3844,C
3845,C
3846,C
3847,C
3848,C
3849,C
3850,C
3851,C
3852,D
3853,D
3854,D
3855,D
3856,D
3857,D
3858,D
3859,D
3860,D
3861,D
3862,D
3863,D
3864,D
3865,D
3866,D
3867,D
3868,D
3869,D
3870,D
3871,D
3872,D
3873,D
3874,D
3875,D
3876,D
3877,D
3878,D
3879,D
3880,D
3881,D
3882,D
3883,D
3884,D
3885,D
3886,D
3887,D
3888,D
3889,D
3890,D
3891,D
3892,D
3893,D
3894,D
3895,D
3896,D
3897,D
3898,D
3899,D
3903,D
3904,D
3907,D
3908,D
3909,D
3910,D
3911,D
3912,D
3913,D
3914,D
3915,D
3916,D
3917,D
3918,D
3919,D
3921,D
3922,D
3923,D
3924,D
3925,D
3926,D
3927,D
3928,D
3929,D
3930,A
3931,A
3932,A
3933,A
3934,A
3935,A
3936,A
3937,A
3938,A
3939,A
3940,A
3942,A
3943,A
3944,A
3945,A
3946,A
3947,A
3950,A
3951,A
3952,A
3953,A
3954,A
3955,A
3956,A
3957,A
3958,A
3959,A
3960,A
3961,A
3962,A
3963,A
3964,A
3965,A
3966,A
3967,A
3968,A
3969,A
3970,A
3971,A
3972,A
3973,A
3974,A
3975,A
3976,A
3977,A
3978,A
3979,A
3980,A
3981,A
3982,A
3983,A
3984,A
3985,A
3986,A
3987,A
3988,A
3989,A
3990,A
3991,A
3992,A
3993,A
3994,A
3995,A
3996,A
3997,A
3998,A
3999,A
4000,A
4001,A
4002,A
4003,A
4004,A
4005,A
4006,A
4007,A
4008,A
4009,A
4010,A
4011,A
4012,A
4013,A
4014,A
4015,A
4016,A
4017,A
4018,A
4019,A
4020,A
4021,A
4022,A
4023,A
4024,A
4025,A
4026,A
4027,A
4028,A
4029,A
4030,A
4031,A
4032,A
4033,A
4034,A
4035,A
4036,A
4037,A
4038,A
4039,A
4040,A
4041,A
4042,A
4043,A
4044,A
4045,A
4046,A
4047,A
4048,A
4049,A
4050,A
4051,A
4052,A
4053,A
4054,A
4055,A
4056,A
4057,A
4058,A
4059,A
4060,A
4061,A
4064,A
4066,B
4067,B
4068,B
4069,B
4070,B
4072,B
4073,B
4074,B
4075,B
4076,B
4077,B
4078,B
4079,B
4080,B
4081,B
4082,B
4083,B
4084,B
4085,B
4086,B
4087,B
4088,B
4089,B
4090,B
4091,B
4092,B
4093,B
4094,B
4095,B
4096,B
4097,B
4098,B
4099,B
4100,B
4101,B
4102,B
4103,B
4104,B
4105,B
4106,B
4107,B
4108,B
4109,B
4110,B
4111,B
4112,B
4113,B
4114,B
4115,B
4116,B
4117,B
4118,B
4119,B
4120,B
4121,B
4122,B
4123,B
4124,B
4125,B
4126,B
4127,B
4128,B
4129,B
4130,B
4131,B
4132,B
4133,B
4134,B
4135,B
4136,B
4137,B
4138,C
4139,C
4140,C
4141,C
4142,C
4143,C
4144,C
4145,B
4146,B
4147,B
4148,B
4149,B
4151,B
4152,B
4153,B
4154,B
4155,B
4156,B
4157,B
4158,B
4159,B
4161,B
4163,B
4164,B
4165,B
4166,D
4167,D
4168,D
4169,D
4170,D
4171,D
4172,D
4173,D
4174,D
4175,D
4177,D
4178,D
4179,D
4180,D
4181,D
4182,D
4183,D
4184,D
4185,D
4186,D
4187,D
4188,D
4189,D
4190,D
4191,D
4192,D
4193,D
4194,D
4195,D
4196,D
4197,D
4198,D
4199,D
4200,D
4201,D
4202,D
4203,D
4204,D
4205,D
4206,D
4207,D
4208,D
4209,D
4210,D
4211,D
4212,D
4213,D
4214,D
4215,D
4216,D
4217,D
4218,D
4219,D
4220,D
4221,D
4222,D
4223,D
4224,D
4225,D
4226,D
4227,D
4228,D
4229,D
4230,D
4231,D
4232,D
4233,D
4234,D
4235,D
4237,D
4240,D
4241,D
4243,D
4244,D
4245,D
4246,D
4247,D
4248,D
4250,D
4253,D
4254,D
4255,D
4256,D
4258,D
4259,D
4260,D
4262,D
4264,D
4265,D
4266,D
4267,D
4268,D
4269,D
4270,D
4271,D
4272,D
4273,D
4274,D
4275,D
4276,D
4277,D
4278,D
4279,D
4280,D
4281,D
4282,D
4283,D
4284,D
4286,D
4287,D
4288,D
4289,D
4290,D
4291,D
4292,A
4293,A
4294,A
4295,A
4296,A
4297,A
4298,A
4299,A
4300,A
4301,A
4302,A
4304,A
4305,A
4306,A
4307,A
4308,A
4309,A
4310,A
4311,A
4312,A
4313,A
4314,A
4315,A
4316,A
4317,A
4318,A
4319,A
4320,A
4321,A
4322,A
4323,A
4324,A
4325,A
4326,A
4327,A
4328,A
4329,A
4330,A
4331,A
4332,A
4333,A
4336,A
4337,A
4338,A
4339,A
4340,A
4341,A
4342,A
4343,A
4344,A
4345,A
4346,A
4347,A
4348,A
4349,A
4350,A
4351,A
4352,A
4353,A
4354,A
4355,A
4356,A
4357,A
4358,A
4359,A
4360,A
4361,A
4364,A
4365,A
4366,A
4367,A
4368,A
4369,A
4370,A
4371,A
4372,A
4373,A
4374,A
4375,A
4376,A
4377,A
4378,A
4379,A
4380,A
4381,A
4382,A
4383,A
4384,A
4385,A
4386,A
4387,A
4388,A
4389,A
4392,A
4393,A
4394,A
4395,A
4396,A
4397,A
4398,A
4399,A
4400,A
4401,A
4402,A
4403,A
4404,A
4405,A
4406,A
4407,A
4408,A
4409,A
4410,A
4411,A
4412,A
4413,A
4414,A
4415,D
4416,D
4417,D
4418,D
4419,D
4420,D
4422,D
4423,D
4424,D
4425,D
4426,D
4427,D
4428,D
4429,D
4430,D
4431,D
4432,D
4433,D
4434,D
4435,D
4436,D
4437,D
4438,D
4440,A
4441,A
4442,A
4443,A
4444,A
4445,A
4446,A
4447,A
4448,A
4449,A
4450,A
4451,A
4455,C
4456,C
4457,C
4461,A
4462,A
4463,A
4466,A
4467,C
4468,C
4469,C
4473,A
4474,A
4475,A
4476,A
4479,C
4481,C
4487,C
4488,C
4489,C
4490,C
4491,C
4492,C
4493,C
4494,C
4495,C
4496,C
4497,C
4498,C
4499,C
4500,C
4501,C
4502,C
4503,C
4504,C
4505,C
4506,C
4507,C
4508,C
4509,C
4510,C
4511,C
4512,C
4513,C
4514,C
4515,C
4516,C
4517,C
4518,C
4519,C
4520,C
4521,C
4522,C
4523,C
4524,C
4525,C
4526,C
4527,C
4528,C
4529,C
4530,C
4531,C
4532,D
4533,D
4536,D
4538,D
4539,D
4540,D
4541,D
4542,D
4543,D
4544,D
4545,D
4546,D
4547,D
4548,D
4549,D
4550,D
4551,D
4552,D
4553,D
4554,D
4555,D
4556,D
4557,D
4558,D
4559,D
4560,D
4561,D
4562,D
4563,D
4564,D
4565,D
4566,D
4567,D
4569,D
4570,D
4571,D
4572,D
4573,D
4574,D
4575,D
4576,D
4577,D
4578,D
4579,D
4580,D
4581,D
4582,D
4583,D
4584,D
4585,D
4586,D
4587,D
4588,D
4589,D
4590,D
4591,D
4592,D
4593,D
4594,D
4595,D
4596,D
4597,D
4598,D
4599,D
4600,D
4601,D
4602,D
4603,A
4604,A
4605,A
4606,A
4607,A
4608,A
4609,A
4610,A
4611,A
4612,A
4613,A
4615,A
4616,A
4617,A
4618,A
4619,A
4620,A
4621,A
4623,A
4624,A
4625,A
4626,A
4627,A
4628,A
4629,A
4630,A
4631,A
4632,A
4633,A
4634,A
4635,A
4636,A
4637,A
4638,A
4639,A
4640,A
4641,A
4642,A
4643,A
4644,A
4645,A
4646,A
4647,A
4648,A
4649,A
4650,A
4651,A
4652,A
4653,A
4654,A
4655,A
4656,A
4657,A
4658,A
4659,A
4660,A
4661,A
4662,A
4663,A
4664,A
4665,A
4666,A
4667,A
4668,A
4669,A
4670,A
4671,A
4672,A
4673,A
4674,A
4675,A
4676,A
4677,A
4678,A
4679,A
4680,A
4681,A
4682,A
4683,A
4684,A
4685,A
4686,A
4687,A
4688,A
4689,A
4690,A
4691,A
4692,A
4693,A
4694,A
4695,A
4696,A
4697,A
4698,A
4699,A
4700,A
4701,A
4702,A
4703,A
4704,A
4705,A
4706,A
4707,A
4708,A
4709,A
4710,A
4711,A
4712,A
4713,A
4714,A
4715,A
4716,A
4717,A
4718,A
4719,A
4720,B
4721,B
4722,B
4723,B
4724,B
4725,B
4726,B
4727,B
4728,B
4729,B
4730,B
4731,B
4732,B
4733,B
4734,B
4735,B
4736,B
4737,B
4738,B
4739,B
4740,B
4741,B
4742,B
4743,B
4744,B
4745,B
4746,B
4747,B
4748,B
4749,B
4750,B
4751,B
4752,B
4753,B
4754,B
4756,B
4757,B
4758,B
4759,B
4760,B
4761,B
4762,B
4763,B
4764,B
4765,B
4766,B
4767,B
4768,B
4769,B
4770,B
4771,B
4772,B
4773,B
4774,B
4775,B
4776,B
4777,B
4778,B
4779,B
4780,B
4781,B
4782,B
4783,B
4784,B
4785,B
4786,B
4787,B
4788,B
4789,B
4790,B
4791,B
4792,C
4793,C
4794,C
4795,C
4796,C
4797,C
4798,D
4799,D
4800,D
4801,D
4802,D
4803,D
4804,D
4805,D
4806,D
4807,D
4808,D
4809,D
4810,D
4811,D
4812,D
4813,D
4814,D
4815,D
4816,D
4817,D
4818,D
4819,D
4820,D
4821,D
4822,D
4823,D
4824,D
4825,D
4826,D
4827,D
4828,D
4829,D
4830,D
4831,D
4832,D
4833,D
4834,D
4835,D
4836,D
4837,D
4838,D
4839,D
4840,D
4841,D
4842,D
4843,D
4844,D
4845,D
4846,D
4847,D
4848,D
4849,D
4850,D
4851,D
4852,D
4853,D
4854,D
4855,D
4856,D
4857,D
4858,D
4859,D
4860,D
4861,D
4862,D
4863,D
4864,D
4865,D
4866,D
4867,D
4868,D
4869,D
4870,D
4871,D
4872,D
4875,D
4876,D
4877,D
4878,D
4881,D
4883,D
4884,D
4886,D
4888,D
4889,D
4890,D
4892,D
4895,D
4896,D
4898,D
4899,D
4900,D
4901,D
4902,D
4903,D
4904,D
4905,D
4906,D
4907,D
4909,D
4910,D
4911,D
4912,D
4913,D
4915,D
4916,D
4917,D
4918,D
4921,B
4922,B
4923,B
4924,B
4925,B
4926,B
4927,B
4928,B
4929,B
4930,M
4931,M
4932,M
4933,M
4934,M
4935,M
4940,M
4941,M
4943,M
4944,M
4947,A
4948,A
4949,A
4950,A
4951,A
4952,A
4953,A
4954,A
4955,A
4956,A
4957,A
4958,A
4959,A
4960,A
4962,A
4963,A
4964,A
4965,A
4966,A
4967,A
4968,A
4969,A
4970,A
4971,A
4972,A
4973,A
4974,A
4975,A
4976,A
4977,A
4978,A
4979,A
4980,A
4981,A
4982,A
4983,A
4984,A
4985,A
4986,A
4987,A
4988,A
4989,A
4990,A
4991,A
4992,A
4993,A
4994,A
4995,A
4996,A
4997,A
4998,A
4999,A
5000,A
5001,A
5002,A
5003,A
5004,A
5005,A
5006,A
5007,A
5008,A
5009,A
5010,A
5011,A
5012,A
5013,A
5014,A
5015,A
5016,A
5017,A
5018,A
5019,A
5020,A
5021,A
5022,A
5023,A
5024,A
5025,A
5026,A
5027,A
5028,A
5029,A
5030,A
5031,A
5032,A
5033,A
5034,A
5035,A
5036,A
5037,A
5038,A
5039,A
5040,A
5041,A
5042,A
5043,A
5044,A
5045,A
5046,A
5047,A
5048,A
5049,A
5050,A
5051,A
5052,A
5053,A
5054,A
5055,A
5056,A
5057,A
5058,A
5059,A
5060,A
5061,A
5062,A
5063,A
5064,A
5065,A
5066,A
5067,A
5068,A
5069,A
5070,A
5071,A
5072,A
5073,A
5074,A
5075,A
5076,A
5077,A
5078,D
5079,D
5080,D
5081,D
5082,D
5083,D
5084,D
5085,D
5086,D
5087,D
5088,D
5089,D
5090,D
5091,D
5092,D
5093,D
5094,D
5095,D
5096,D
5097,D
5098,D
5099,D
5100,D
5101,D
5102,D
5103,D
5104,D
5106,D
5107,D
5108,D
5109,D
5110,D
5111,D
5112,D
5113,D
5114,D
5115,D
5116,D
5117,D
5118,D
5119,D
5120,D
5122,D
5123,D
5124,D
5125,D
5126,D
5127,A
5128,A
5129,A
5130,A
5131,A
5132,A
5133,C
5134,C
5135,C
5136,C
5137,C
5138,C
5139,C
5140,C
5141,C
5142,C
5143,C
5144,C
5145,C
5146,C
5147,C
5148,C
5149,C
5150,C
5151,C
5152,C
5153,C
5154,C
5155,C
5156,C
5157,C
5158,C
5159,C
5160,C
5161,C
5162,C
5163,C
5164,C
5165,C
5166,C
5167,C
5168,C
5169,C
5170,C
5171,C
5172,C
5173,C
5174,C
5175,C
5176,C
5177,C
5178,C
5179,C
5180,C
5181,C
5182,C
5183,C
5184,C
5185,C
5186,C
5187,C
5188,D
5189,D
5190,D
5191,D
5192,D
5193,D
5194,D
5195,D
5196,D
5197,D
5198,D
5199,D
5200,D
5201,D
5202,D
5203,D
5204,D
5205,D
5206,D
5207,D
5209,D
5210,D
5211,D
5212,D
5213,D
5214,D
5215,D
5217,D
5218,D
5219,D
5221,D
5222,D
5223,D
5224,D
5225,D
5226,D
5227,D
5228,D
5229,D
5230,D
5231,D
5232,D
5233,D
5234,D
5235,D
5236,D
5237,D
5238,D
5239,D
5240,D
5241,D
5242,D
5243,D
5244,D
5245,D
5246,D
5247,D
5248,D
5249,D
5250,D
5251,D
5252,D
5253,D
5254,D
5255,D
5256,D
5257,D
5258,D
5259,D
5260,D
5261,D
5262,D
5263,D
5264,D
5265,D
5266,D
5267,D
5268,D
5269,D
5270,D
5271,D
5272,D
5273,D
5274,D
5275,D
5276,D
5277,D
5278,D
5279,D
5280,D
5281,D
5282,D
5283,D
5284,D
5285,D
5286,D
5287,D
5288,D
5289,D
5290,D
5291,D
5292,D
5293,D
5294,D
5295,D
5296,D
5297,D
5298,D
5299,D
5300,D
5301,D
5302,D
5303,D
5304,D
5305,D
5306,D
5307,D
5308,D
5309,D
5310,D
5311,D
5312,D
5315,D
5316,A
5317,A
5318,A
5319,A
5320,A
5321,A
5322,A
5323,A
5324,A
5325,A
5326,A
5328,A
5329,A
5330,A
5331,A
5332,A
5333,A
5336,A
5337,A
5338,A
5339,A
5340,A
5341,A
5342,A
5343,A
5344,A
5345,A
5346,A
5347,A
5348,A
5349,A
5350,A
5351,A
5352,A
5353,A
5354,A
5355,A
5356,B
5357,B
5358,B
5359,B
5360,B
5361,B
5362,B
5363,B
5364,B
5365,B
5366,B
5367,B
5368,B
5369,B
5370,B
5371,B
5372,B
5373,B
5374,B
5375,B
5376,B
5377,B
5378,B
5379,B
5380,B
5381,B
5382,B
5383,B
5384,B
5385,B
5386,B
5387,B
5388,B
5389,B
5390,B
5391,B
5392,B
5393,B
5394,B
5395,B
5396,B
5397,B
5398,B
5399,B
5400,B
5401,B
5402,B
5403,B
5404,B
5405,B
5406,B
5407,B
5408,B
5409,B
5410,B
5411,B
5412,B
5413,B
5414,B
5415,B
5416,B
5417,B
5418,B
5419,B
5420,B
5421,B
5422,B
5423,B
5424,B
5425,B
5426,B
5427,B
5428,B
5429,B
5430,B
5431,B
5432,M
5433,M
5434,M
5435,M
5436,M
5437,M
5438,M
5440,M
5441,M
5442,M
5465,B
5466,B
5467,B
5468,B
5469,B
5470,B
5471,B
5472,B
5473,B
5474,B
5475,B
5476,B
5477,B
5478,B
5479,B
5480,B
5481,B
5482,B
5483,B
5484,B
5485,B
5486,B
5487,B
5488,B
5489,B
5490,B
5491,B
5492,B
5493,B
5494,B
5495,B
5496,B
5497,B
5498,B
5499,B
5500,B
5501,C
5502,C
5503,C
5504,B
5505,B
5506,B
5507,B
5508,B
5510,B
5511,B
5512,B
5513,B
5514,B
5515,B
5516,B
5517,B
5518,B
5519,B
5520,B
5521,B
5522,B
5523,B
5524,B
5525,B
5526,B
5527,B
5528,B
5529,B
5530,B
5531,B
5532,B
5533,B
5540,B
5541,B
5542,B
5543,B
5544,B
5545,B
5546,B
5547,B
5548,B
5549,B
5550,B
5551,B
5552,B
5553,B
5554,B
5555,B
5556,B
5557,B
5558,B
5560,B
5564,B
5566,B
5567,B
5568,B
5569,B
5570,B
5571,B
5572,B
5573,B
5574,B
5575,B
5576,B
5578,B
5579,B
5580,B
5581,B
5582,B
5583,B
5584,B
5586,B
5587,B
5588,A
5589,A
5590,A
5591,A
5592,A
5593,A
5594,A
5595,A
5596,A
5597,A
5598,A
5599,A
5600,A
5601,A
5602,A
5603,A
5604,A
5605,A
5606,A
5607,A
5608,A
5609,A
5610,A
5611,A
5612,A
5613,A
5614,A
5615,A
5616,A
5617,A
5618,A
5619,A
5620,A
5621,A
5622,A
5623,A
5624,A
5625,A
5626,A
5627,A
5628,A
5629,A
5630,A
5631,A
5632,A
5633,A
5634,A
5635,A
5636,A
5637,A
5638,A
5639,A
5640,A
5641,A
5642,A
5643,A
5644,A
5645,A
5646,A
5647,A
5648,D
5649,D
5650,D
5651,D
5652,D
5653,D
5654,D
5655,D
5656,D
5657,D
5658,D
5659,D
5660,D
5661,D
5662,D
5663,D
5664,D
5665,D
5666,D
5667,D
5668,D
5669,D
5670,D
5671,D
5672,D
5673,D
5674,D
5675,D
5676,D
5677,D
5678,D
5679,D
5680,D
5681,D
5682,D
5683,D
5684,D
5685,D
5686,D
5687,D
5688,D
5689,D
5690,D
5691,D
5692,D
5693,D
5694,D
5695,D
5696,D
5697,D
5698,D
5699,D
5700,D
5701,D
5702,D
5703,D
5704,D
5705,D
5706,D
5707,D
5708,D
5709,D
5710,D
5711,D
5712,D
5713,D
5714,D
5715,D
5716,D
5717,D
5718,D
5719,D
5720,D
5721,D
5722,D
5724,D
5725,D
5726,D
5727,D
5728,D
5729,D
5730,D
5732,D
5733,D
5734,D
5735,D
5736,D
5737,D
5738,D
5739,D
5740,D
5741,D
5742,D
5743,D
5744,D
5745,D
5746,D
5747,D
5748,D
5749,D
5752,D
5753,D
5754,D
5755,D
5756,D
5757,D
5758,D
5759,D
5760,D
5761,D
5762,D
5763,D
5764,D
5765,D
5766,D
5767,D
5768,D
5769,D
5770,D
5771,D
5772,D
5774,D
5775,D
5776,D
5779,D
5780,D
5781,D
5782,D
5783,A
5784,A
5785,A
5786,A
5787,A
5788,A
5789,A
5790,A
5791,A
5792,A
5793,A
5794,A
5795,A
5796,A
5797,A
5799,A
5800,A
5801,A
5802,A
5803,A
5804,A
5805,A
5806,A
5807,A
5808,A
5809,A
5810,A
5811,A
5812,A
5813,A
5814,A
5815,A
5816,A
5817,A
5818,A
5819,A
5820,A
5821,A
5822,A
5823,A
5824,A
5825,A
5826,A
5827,A
5828,A
5829,A
5830,A
5831,A
5832,A
5833,A
5834,A
5835,A
5836,A
5837,A
5838,A
5839,A
5840,A
5841,A
5842,A
5843,A
5844,A
5845,A
5846,A
5847,A
5848,A
5849,A
5850,A
5851,A
5852,A
5853,A
5854,A
5855,A
5856,A
5857,A
5858,A
5859,A
5860,A
5861,A
5862,A
5863,A
5864,A
5865,A
5866,A
5867,A
5868,A
5869,A
5870,A
5871,A
5872,A
5873,A
5874,A
5875,A
5876,A
5877,A
5878,A
5879,A
5880,A
5881,A
5882,A
5883,A
5884,A
5885,A
5886,A
5887,A
5888,A
5889,A
5890,A
5891,A
5892,A
5893,A
5894,A
5895,A
5896,A
5897,A
5898,A
5899,A
5900,A
5901,A
5902,A
5903,A
5904,A
5905,A
5906,A
5907,A
5908,A
5909,A
5910,D
5911,D
5912,D
5913,D
5914,D
5915,D
5916,D
5917,D
5918,D
5919,D
5920,D
5921,D
5922,D
5923,D
5924,D
5925,D
5926,D
5927,D
5928,D
5929,D
5930,D
5931,D
5932,D
5933,D
5934,D
5935,D
5936,D
5937,D
5938,D
5939,D
5940,D
5941,D
5942,D
5943,D
5944,D
5945,D
5946,D
5947,D
5948,D
5949,D
5950,D
5951,D
5952,D
5953,D
5954,D
5955,D
5956,D
5957,D
5958,D
5959,D
5960,D
5961,D
5962,D
5963,D
5964,D
5965,D
5966,D
5967,A
5968,A
5969,A
5970,A
5971,A
5972,A
5973,A
5974,A
5975,A
5976,D
5977,A
5978,A
5979,A
5980,D
5981,D
5982,D
5983,D
5984,D
5985,D
5986,D
5987,D
5988,D
5989,D
5990,D
5991,D
5992,D
5993,D
5994,D
5995,D
5997,D
5998,D
5999,D
6000,D
6001,D
6002,D
6004,D
6005,D
6006,D
6007,D
6008,D
6009,D
6010,D
6012,D
6013,D
6014,D
6015,D
6016,D
6017,D
6018,D
6019,D
6020,D
6021,D
6022,D
6023,D
6024,D
6025,D
6026,D
6027,D
6028,D
6029,D
6030,D
6031,D
6032,D
6033,D
6034,D
6035,D
6036,D
6037,D
6038,D
6039,D
6040,D
6041,D
6042,D
6043,D
6044,D
6045,D
6046,D
6047,D
6048,D
6049,D
6050,D
6051,D
6052,D
6053,D
6054,D
6055,D
6056,D
6057,D
6058,D
6059,D
6060,D
6061,D
6062,D
6063,D
6064,D
6065,D
6066,D
6067,D
6068,D
6069,D
6070,D
6071,D
6072,D
6073,D
6074,D
6075,D
6076,D
6077,D
6078,D
6079,D
6080,D
6081,D
6082,D
6083,D
6084,D
6085,D
6086,D
6087,D
6088,D
6089,D
6090,D
6091,D
6092,D
6093,D
6094,D
6095,D
6096,D
6097,D
6098,D
6099,D
6100,D
6101,D
6102,D
6103,D
6104,D
6105,D
6106,D
6108,D
6109,D
6110,D
6111,D
6112,D
6113,D
6114,D
6115,D
6116,D
6117,D
6118,D
6119,D
6120,D
6121,D
6122,D
6123,D
6124,D
6125,D
6126,D
6127,D
6128,D
6129,D
6130,D
6131,D
6132,D
6133,M
6134,M
6135,M
6136,M
6137,M
6138,M
6139,M
6140,M
6141,M
6142,M
6143,M
6144,M
6145,M
6146,M
6147,M
6148,M
6149,M
6150,M
6151,M
6152,M
6153,M
6154,M
6155,M
6156,M
6157,M
6158,M
6159,M
6160,M
6161,M
6162,M
6163,M
6164,M
6165,M
6166,M
6167,M
6168,M
6169,M
6170,M
6171,M
6172,M
6173,M
6174,M
6175,M
6176,M
6177,M
6178,M
6179,M
6180,M
6181,M
6182,M
6184,M
6185,M
6186,M
6187,M
6188,M
6190,M
6191,M
6193,M
6194,M
6196,M
6197,M
6198,M
6199,M
6200,M
6202,M
6203,M
6204,M
6205,M
6206,M
6214,M
6215,M
6216,M
6217,M
6218,M
6220,M
6221,M
6222,M
6223,M
6224,M
6226,M
6227,M
6228,M
6229,M
6230,M
6232,M
6233,M
6234,M
6235,M
6236,M
6238,M
6239,M
6240,M
6241,M
6242,M
6250,M
6251,M
6252,M
6253,M
6254,M
6256,M
6257,M
6258,M
6259,M
6260,M
6262,M
6263,M
6264,M
6265,M
6266,M
6268,M
6269,M
6270,M
6271,M
6272,M
6274,M
6275,M
6276,M
6277,M
6278,M
6286,M
6287,M
6288,M
6289,M
6290,M
6292,M
6293,M
6294,M
6295,M
6296,M
6298,M
6299,M
6300,M
6301,M
6302,M
6304,M
6305,M
6306,M
6307,M
6308,M
6310,M
6311,M
6312,M
6313,M
6314,M
6316,M
6317,M
6318,M
6319,M
6320,M
6321,M
6322,M
6323,M
6324,M
6325,M
6326,M
6327,M
6328,M
6329,M
6330,M
6331,M
6332,M
6333,M
6334,M
6335,M
6336,M
6337,M
6338,M
6339,M
6340,M
6341,M
6342,M
6343,M
6344,M
6345,M
6346,M
6347,M
6348,M
6349,M
6350,M
6351,M
6352,M
6353,M
6354,M
6355,M
6356,M
6357,M
6358,M
6360,M
6361,M
6362,M
6363,M
6364,M
6367,M
6370,M
6371,M
6372,M
6373,M
6374,M
6375,M
6376,M
6377,M
6378,M
6379,M
6380,M
6381,M
6382,M
6383,M
6384,M
6385,M
6386,M
6387,M
6388,M
6390,M
6391,M
6392,M
6394,A
6395,A
6396,A
6397,A
6398,A
6399,A
6400,A
6401,A
6402,A
6403,A
6404,A
6405,A
6406,A
6407,A
6408,A
6409,A
6410,A
6411,A
6412,A
6413,A
6414,A
6415,A
6416,A
6417,A
6418,A
6419,A
6420,A
6421,A
6422,A
6423,A
6424,A
6425,A
6426,A
6427,A
6428,A
6430,A
6431,A
6432,A
6433,A
6434,A
6435,A
6436,A
6437,A
6438,A
6439,A
6440,A
6441,A
6442,A
6443,A
6444,A
6445,A
6446,A
6447,A
6448,A
6449,A
6450,A
6451,A
6452,A
6453,A
6454,A
6455,A
6456,A
6457,A
6458,A
6459,A
6460,A
6461,A
6462,A
6463,A
6464,A
6466,D
6467,D
6468,D
6469,D
6470,D
6471,D
6472,D
6473,D
6474,D
6475,D
6476,D
6477,D
6478,D
6479,D
6480,D
6481,D
6482,D
6483,D
6484,D
6485,D
6486,D
6487,D
6488,D
6489,D
6490,D
6491,D
6492,D
6493,D
6494,D
6495,D
6496,D
6497,D
6498,D
6499,D
6500,D
6501,D
6502,D
6503,D
6504,D
6505,D
6506,D
6507,D
6508,D
6509,D
6510,D
6511,D
6512,D
6513,D
6514,D
6515,D
6516,D
6517,D
6518,D
6519,D
6520,D
6521,D
6522,D
6523,D
6524,D
6525,D
6526,D
6527,D
6528,D
6529,D
6530,A
6531,A
6532,A
6533,A
6534,A
6535,A
6536,A
6537,A
6538,A
6539,A
6540,A
6541,A
6542,A
6543,A
6544,A
6545,A
6546,A
6547,A
6548,A
6549,A
6551,A
6552,A
6553,A
6554,A
6555,A
6556,A
6557,A
6558,A
6559,A
6560,A
6561,A
6562,A
6563,A
6564,A
6565,A
6566,A
6567,A
6568,A
6569,A
6570,A
6571,A
6572,A
6573,A
6574,A
6575,A
6576,A
6577,A
6578,A
6579,A
6580,A
6581,A
6582,A
6583,A
6584,A
6585,A
6586,A
6588,A
6589,A
6590,A
6591,A
6592,A
6593,A
6594,A
6595,A
6596,A
6597,A
6598,A
6599,A
6600,A
6601,A
6602,A
6603,A
6604,A
6605,A
6606,A
6607,A
6608,A
6609,A
6610,A
6611,A
6612,A
6613,A
6614,A
6615,A
6616,A
6617,A
6618,A
6619,A
6620,A
6621,A
6622,A
6624,A
6625,A
6626,A
6627,A
6628,A
6629,A
6630,A
6631,A
6632,A
6633,A
6634,A
6635,A
6636,A
6637,A
6638,A
6639,A
6640,A
6641,A
6642,A
6643,A
6644,A
6645,A
6647,A
6648,A
6649,A
6650,A
6651,A
6653,A
6654,A
6655,A
6656,A
6657,A
6658,A
6659,A
6664,A
6665,A
6666,A
6667,A
6668,A
6669,A
6670,A
6671,A
6675,A
6676,A
6677,A
6679,A
6681,A
6682,A
6684,A
6685,A
6686,A
6687,A
6688,A
6690,A
6692,A
6693,A
6697,A
6698,A
6699,A
6700,A
6702,D
6703,D
6704,D
6705,D
6706,D
6707,D
6708,D
6709,D
6710,D
6711,D
6712,D
6713,D
6714,D
6715,D
6716,D
6717,D
6718,A
6719,A
6720,A
6721,A
6722,A
6723,A
6724,A
6725,A
6726,A
6727,A
6728,A
6729,A
6730,A
6731,A
6732,A
6733,A
6734,A
6735,A
6736,A
6737,A
6738,A
6739,A
6740,A
6741,A
6742,A
6743,A
6744,A
6745,A
6746,A
6747,A
6748,A
6749,A
6750,A
6751,A
6752,A
6753,A
6754,A
6755,A
6756,A
6757,A
6758,A
6759,A
6760,A
6761,A
6762,A
6763,A
6764,A
6765,A
6766,A
6767,A
6768,A
6769,A
6770,A
6771,A
6772,A
6773,A
6774,A
6775,A
6776,A
6777,A
6778,A
6779,A
6780,A
6781,A
6782,A
6783,A
6784,A
6785,A
6786,A
6787,A
6788,A
6789,A
6790,A
6791,A
6792,A
6793,A
6794,A
6795,A
6796,A
6797,A
6798,A
6799,A
6800,A
6801,A
6802,A
6803,A
6804,A
6805,A
6806,A
6807,A
6808,A
6809,A
6810,A
6811,A
6814,A
6816,B
6817,B
6818,B
6819,B
6820,B
6821,B
6822,B
6823,B
6824,B
6825,B
6826,B
6827,B
6828,B
6829,B
6830,B
6831,B
6832,B
6833,B
6834,B
6835,B
6836,B
6837,B
6838,B
6839,B
6840,B
6841,B
6842,B
6843,B
6844,B
6845,B
6846,B
6847,B
6848,B
6849,B
6850,B
6851,B
6852,B
6853,B
6854,B
6855,B
6856,B
6857,B
6858,B
6859,B
6860,B
6861,B
6862,B
6863,B
6864,B
6865,B
6866,B
6867,B
6868,B
6869,B
6870,B
6871,B
6872,B
6873,B
6874,B
6875,B
6876,B
6877,B
6878,B
6879,B
6880,B
6881,B
6882,B
6883,B
6884,B
6885,B
6886,B
6887,B
6888,B
6889,B
6890,B
6891,B
6892,B
6893,B
6894,B
6895,B
6896,B
6897,B
6898,B
6899,B
6900,B
6901,B
6902,B
6903,B
6904,B
6905,B
6906,B
6907,B
6908,B
6909,B
6910,B
6911,B
6912,B
6913,B
6914,B
6915,B
6916,B
6917,B
6918,B
6919,B
6920,B
6921,B
6922,B
6923,B
6924,B
6925,B
6926,B
6927,B
6928,B
6929,B
6930,B
6931,B
6932,B
6933,B
6934,B
6935,B
6936,B
6937,B
6938,B
6939,B
6940,B
6941,B
6942,B
6943,B
6944,B
6945,B
6946,B
6947,B
6948,B
6949,B
6950,B
6951,B
6952,B
6953,B
6954,B
6955,B
6956,B
6957,B
6958,B
6959,B
6960,B
6961,B
6962,B
6963,B
6964,B
6965,B
6966,B
6967,B
6968,B
6969,B
6970,B
6971,B
6972,B
6973,B
6974,B
6975,B
6976,B
6977,B
6978,B
6979,B
6980,B
6981,B
6982,B
6983,B
6984,B
6985,B
6986,B
6987,B
6988,B
6989,B
6990,B
6991,B
6992,B
6993,B
6994,B
6995,B
6996,B
6997,B
6998,B
6999,B
7000,B
7001,B
7002,B
7003,B
7004,B
7005,B
7006,B
7007,B
7008,B
7009,B
7010,B
7011,B
7012,B
7013,B
7014,B
7015,B
7016,B
7017,B
7018,B
7019,B
7020,B
7021,B
7022,B
7023,B
7024,B
7025,B
7026,B
7027,B
7028,B
7029,B
7030,B
7031,B
7032,B
7033,B
7034,B
7035,B
7036,B
7037,B
7038,B
7039,B
7040,B
7041,B
7042,B
7043,B
7044,B
7045,B
7046,C
7047,C
7048,C
7049,C
7050,C
7051,D
7052,D
7053,D
7054,D
7055,D
7056,D
7057,D
7058,D
7059,D
7060,D
7061,D
7062,D
7063,D
7064,D
7065,D
7066,D
7067,D
7068,D
7069,D
7070,D
7071,D
7072,D
7073,D
7074,D
7075,D
7076,D
7077,D
7078,D
7079,D
7080,D
7081,D
7082,D
7083,D
7084,D
7085,D
7086,D
7087,D
7088,D
7089,D
7090,D
7091,D
7092,D
7093,D
7094,D
7095,D
7096,D
7097,D
7098,D
7099,D
7100,D
7101,D
7102,D
7103,D
7104,D
7105,D
7106,D
7107,D
7108,D
7109,D
7110,D
7111,D
7112,D
7113,D
7114,D
7115,D
7116,D
7117,D
7118,D
7119,D
7120,D
7121,D
7122,D
7123,D
7124,D
7125,D
7126,D
7127,D
7128,D
7129,D
7130,D
7131,D
7132,D
7133,D
7134,D
7135,D
7136,D
7137,D
7138,D
7139,D
7140,D
7141,D
7142,D
7143,D
7144,D
7145,D
7146,D
7147,D
7148,D
7149,D
7150,D
7151,D
7152,D
7153,D
7155,D
7156,D
7157,D
7158,D
7159,D
7160,D
7161,D
7162,D
7164,D
7165,D
7166,D
7167,D
7168,D
7169,D
7170,D
7171,D
7172,D
7173,D
7174,D
7175,D
7176,D
7177,D
7178,D
7179,D
7180,D
7181,D
7182,D
7183,D
7184,D
7185,D
7186,D
7187,D
7188,D
7189,D
7190,D
7191,D
7192,D
7193,D
7194,D
7195,D
7196,D
7197,D
7198,D
7199,D
7200,D
7201,D
7202,M
7204,M
7207,D
7208,D
7209,D
7210,D
7211,D
7212,D
7213,D
7214,D
7215,D
7216,D
7217,D
7218,D
7219,D
7220,D
7221,D
7222,D
7223,D
7224,D
7225,D
7226,D
7227,D
7228,D
7229,D
7230,D
7231,D
7232,D
7233,A
7234,A
7235,A
7236,A
7237,A
7238,A
7239,A
7240,A
7241,A
7242,A
7244,A
7245,A
7246,A
7247,A
7248,A
7249,A
7250,A
7251,A
7252,A
7256,A
7257,A
7258,A
7259,A
7260,A
7261,A
7262,A
7267,A
7268,A
7269,A
7270,A
7271,A
7272,A
7279,A
7280,A
7281,A
7282,A
7291,A
7292,A
7293,A
7294,A
7295,A
7296,A
7297,A
7298,A
7299,A
7300,A
7301,A
7302,A
7305,A
7306,A
7307,A
7308,A
7309,A
7310,A
7311,A
7312,A
7317,A
7318,A
7319,A
7320,A
7321,A
7322,A
7329,A
7330,A
7331,A
7332,A
7340,A
7341,A
7342,A
7350,A
7351,A
7352,A
7353,A
7354,A
7355,A
7356,A
7357,A
7358,A
7359,A
7360,A
7361,A
7362,A
7363,A
7367,A
7368,A
7369,A
7370,A
7371,A
7372,A
7378,A
7379,A
7380,A
7381,A
7382,A
7387,A
7391,A
7392,A
7401,A
7402,A
7411,A
7412,A
7413,A
7414,A
7415,A
7416,A
7417,A
7418,A
7419,A
7420,A
7421,A
7422,A
7424,A
7425,A
7426,A
7427,A
7428,A
7429,A
7430,A
7431,A
7432,A
7436,A
7437,A
7438,A
7439,A
7440,A
7441,A
7442,A
7448,A
7449,A
7450,A
7451,A
7452,A
7459,A
7460,A
7461,A
7462,A
7471,A
7472,A
7473,A
7474,A
7475,A
7477,A
7478,A
7479,A
7480,A
7481,A
7482,A
7483,A
7484,A
7485,A
7486,A
7487,A
7488,A
7489,A
7490,A
7491,A
7492,A
7493,A
7494,A
7495,A
7496,A
7497,A
7498,A
7499,A
7500,A
7501,A
7502,A
7503,A
7504,A
7505,A
7506,A
7507,A
7508,A
7509,A
7510,A
7512,A
7517,A
7518,A
7521,A
7524,A
7526,A
7527,A
7528,A
7529,D
7530,D
7531,D
7532,D
7533,D
7534,D
7535,D
7536,D
7537,D
7538,D
7539,D
7540,D
7541,D
7542,D
7543,D
7544,D
7545,D
7546,D
7547,D
7548,D
7549,D
7550,D
7551,D
7552,D
7553,D
7554,D
7555,D
7556,D
7557,D
7558,D
7559,D
7560,D
7561,D
7562,D
7563,D
7564,D
7565,D
7566,D
7567,D
7568,D
7569,D
7570,D
7571,D
7572,D
7573,D
7574,D
7575,D
7576,D
7577,D
7578,D
7579,D
7580,D
7581,D
7582,D
7583,D
7584,D
7585,D
7586,D
7587,D
7588,D
7589,D
7590,D
7591,D
7592,D
7593,D
7594,D
7595,D
7596,D
7597,D
7598,D
7599,D
7600,D
7601,D
7602,D
7603,D
7604,D
7605,D
7606,D
7607,D
7608,D
7609,A
7610,A
7611,A
7612,A
7613,A
7614,A
7615,A
7616,A
7617,A
7618,A
7619,A
7620,A
7621,A
7622,A
7623,A
7624,A
7625,A
7626,A
7627,A
7628,A
7629,A
7630,A
7631,A
7632,A
7633,A
7634,A
7635,A
7636,A
7637,A
7638,A
7639,A
7640,A
7641,A
7642,A
7643,A
7644,A
7645,A
7646,A
7647,A
7648,A
7649,A
7650,A
7651,A
7652,A
7653,A
7654,A
7655,A
7656,A
7657,A
7658,A
7659,A
7660,A
7661,A
7662,A
7663,A
7664,A
7665,A
7666,A
7667,A
7668,A
7669,A
7670,A
7671,A
7672,A
7673,A
7674,A
7675,A
7676,A
7677,A
7678,A
7679,A
7680,A
7681,A
7682,A
7683,A
7684,A
7685,A
7686,A
7687,A
7688,A
7689,A
7690,A
7691,A
7692,A
7693,A
7694,A
7695,A
7696,A
7697,A
7698,A
7699,A
7700,A
7701,A
7702,A
7703,A
7704,A
7718,A
98000,*
